Employee_ID,Department,Joining_Date,Salary,Performance_Score,Projects_Completed
1001,HR,30/09/2022,64532,1.94,8
1002,Finance,25/05/2022,79253,4.15,5
1003,IT,07/03/2022,37323,4.88,11
1004,Finance,19/06/2022,98379,2.05,8
1005,Finance,06/03/2021,39210,2.09,7
1006,Marketing,29/01/2020,41456,2.89,7
1007,IT,31/08/2018,56367,4.94,0
1008,IT,29/11/2020,79624,2.08,12
1009,IT,17/08/2018,35106,2.63,8
1010,Finance,08/07/2020,93008,4.57,5
1011,HR,31/05/2021,97240,1.01,8
1012,IT,06/01/2018,89315,1.16,2
1013,Operations,13/04/2019,94249,3.42,11
1014,Finance,22/10/2022,95587,4.63,2
1015,Marketing,16/03/2018,35756,1.96,5
1016,HR,04/01/2018,93011,2.88,8
1017,Operations,14/02/2023,61378,2.8,6
1018,Operations,08/10/2019,29255,2.89,13
1019,Marketing,28/04/2018,39484,3.49,12
1020,HR,18/06/2022,81549,2.88,2
1021,Finance,15/07/2023,59503,2.79,2
1022,Sales,04/08/2020,98794,2.9,1
1023,HR,04/01/2022,70113,3.36,8
1024,Marketing,13/07/2018,99069,3.15,12
1025,Operations,26/04/2020,30249,4.42,14
1026,Finance,16/11/2021,44201,1.2,2
1027,HR,29/12/2021,83576,4.33,10
1028,Sales,27/07/2022,34686,4.38,4
1029,Sales,04/12/2021,78363,2.14,13
1030,IT,15/02/2021,25661,2.85,13
1031,IT,16/12/2022,69843,2.75,8
1032,Marketing,25/12/2019,85963,1.87,7
1033,HR,13/08/2018,67828,2.59,1
1034,HR,16/06/2019,73604,1.18,2
1035,Operations,23/04/2018,35526,2.11,1
1036,Operations,28/12/2023,93910,4.27,7
1037,Operations,13/07/2019,50592,2.14,5
1038,IT,11/08/2023,53982,4.27,5
1039,HR,08/11/2023,25207,3.13,11
1040,HR,16/10/2019,113733,4.52,14
1041,Sales,16/11/2018,93619,3.3,8
1042,IT,23/04/2022,54328,1.12,7
1043,Finance,03/01/2023,71479,3.7,3
1044,IT,02/04/2023,45103,1.18,14
1045,Finance,19/05/2018,64891,2.8,11
1046,Sales,20/07/2023,35754,4.72,3
1047,Marketing,20/06/2020,106437,1.66,8
1048,HR,21/11/2019,97982,2.56,0
1049,Sales,02/08/2023,80922,3.92,12
1050,HR,10/01/2018,73231,4.53,1
1051,Operations,18/09/2018,54301,3.68,1
1052,Marketing,27/04/2023,116652,2.03,12
1053,Marketing,01/08/2022,87711,3.7,12
1054,Sales,23/08/2023,66323,2.19,5
1055,Marketing,06/04/2021,43752,3.87,14
1056,Finance,08/06/2022,107205,4.82,3
1057,Marketing,17/11/2018,38395,3.89,12
1058,HR,04/09/2021,110957,4.45,10
1059,HR,25/06/2022,81273,1.01,9
1060,HR,18/06/2023,116878,3.87,12
1061,HR,28/04/2023,29895,4.32,2
1062,Finance,01/08/2023,101559,1.16,2
1063,IT,23/01/2021,35699,4.49,2
1064,Operations,24/05/2022,90061,2.03,5
1065,Sales,24/08/2018,34715,3.66,13
1066,HR,24/05/2023,44169,4.2,7
1067,Marketing,30/11/2018,41163,3.65,10
1068,HR,24/03/2023,30782,1.37,6
1069,Marketing,11/01/2019,113177,3.39,13
1070,Operations,06/03/2021,109328,3.2,3
1071,Operations,20/04/2022,60585,4.6,10
1072,Operations,12/08/2021,55682,2.62,11
1073,Marketing,30/01/2023,72864,2.28,3
1074,HR,04/10/2021,109416,4,10
1075,Operations,22/05/2020,80114,2.65,9
1076,Finance,06/06/2021,63067,3.58,14
1077,Marketing,26/01/2023,67685,3.59,10
1078,Marketing,07/08/2021,43073,4.55,10
1079,HR,26/12/2019,61035,3.39,13
1080,Marketing,15/08/2023,89977,3.01,10
1081,Marketing,19/03/2018,115373,1.56,1
1082,Operations,12/05/2018,108362,1.46,13
1083,HR,24/08/2019,115517,1.62,0
1084,Operations,08/11/2022,90450,1.69,8
1085,Operations,01/12/2020,35382,3.55,11
1086,HR,07/11/2023,29437,3.96,14
1087,Sales,07/02/2023,95971,3.12,11
1088,Operations,11/08/2021,89612,4.32,1
1089,Finance,08/09/2019,115355,4.97,12
1090,Finance,04/03/2023,86929,4.28,7
1091,Marketing,12/11/2020,37329,3.78,14
1092,Finance,29/07/2019,50169,3.13,8
1093,Marketing,31/12/2023,112468,2.8,3
1094,Sales,19/09/2020,59594,1.34,7
1095,HR,02/06/2021,101957,2.6,8
1096,HR,18/05/2019,85631,4.64,9
1097,HR,21/06/2023,70033,4.23,9
1098,Finance,31/03/2020,88133,1.86,4
1099,Sales,22/11/2023,98165,2.87,12
1100,Finance,25/05/2023,98861,4.27,13
1101,Finance,17/07/2018,77290,1.27,6
1102,Sales,28/07/2022,119031,2.55,9
1103,Sales,17/04/2021,56750,4.41,3
1104,Sales,11/01/2022,65461,2.62,0
1105,Sales,05/07/2022,98800,1.31,2
1106,HR,20/08/2022,103222,3.17,4
1107,IT,05/08/2021,49226,4.45,2
1108,IT,29/07/2023,31721,3.36,11
1109,Sales,23/04/2019,81154,1.91,12
1110,IT,08/06/2021,45609,2.54,10
1111,IT,11/07/2020,77130,2.8,6
1112,Sales,24/02/2019,97909,3.32,11
1113,IT,25/01/2021,80249,4.04,8
1114,Finance,08/08/2020,73895,1.4,14
1115,Marketing,01/07/2021,119473,4.56,11
1116,Marketing,01/02/2023,30656,1.05,5
1117,Sales,01/06/2019,99520,2.48,12
1118,HR,17/07/2022,88740,1.11,9
1119,Sales,09/02/2023,89309,2.57,0
1120,HR,15/02/2021,54984,3.1,6
1121,Marketing,17/04/2023,98822,3.05,14
1122,Sales,25/03/2020,30901,1.66,2
1123,Operations,16/03/2023,56552,3.58,4
1124,Finance,25/08/2023,116245,1.18,9
1125,IT,26/09/2023,56055,4.05,3
1126,HR,10/05/2018,62685,4.79,9
1127,Operations,05/04/2018,98965,2.36,4
1128,IT,10/05/2023,39716,3.07,4
1129,IT,04/03/2020,36138,2.52,5
1130,Sales,09/01/2023,60298,1.03,13
1131,IT,18/10/2023,76112,2.54,9
1132,Finance,11/08/2022,48429,4.17,11
1133,Operations,11/01/2018,75200,3.38,9
1134,IT,09/02/2023,96308,1.41,12
1135,Sales,13/12/2019,73244,4.39,12
1136,Finance,02/09/2023,42347,3.12,10
1137,Marketing,25/03/2020,41920,4.37,5
1138,Operations,12/12/2018,56822,3.32,7
1139,IT,29/12/2018,71659,3.24,7
1140,Sales,29/12/2023,65108,1.42,10
1141,Marketing,11/09/2020,114099,1.67,8
1142,Marketing,28/06/2022,32967,4.89,7
1143,HR,07/04/2020,36871,1.91,12
1144,Finance,22/12/2018,119299,4.91,10
1145,IT,09/09/2021,102452,3.13,1
1146,Sales,07/02/2023,99270,1.54,13
1147,HR,07/05/2018,58613,1.4,13
1148,Finance,27/08/2019,53179,1.84,11
1149,HR,13/04/2023,77188,4.7,9
1150,Operations,10/10/2020,80099,2.66,11
1151,Finance,20/02/2018,60262,2.58,10
1152,Finance,01/12/2021,103213,2.25,14
1153,IT,28/11/2022,43268,1.59,0
1154,Finance,25/06/2022,102866,2.95,9
1155,HR,04/07/2022,111269,1.52,1
1156,Finance,20/04/2021,85545,4.34,1
1157,IT,29/01/2023,117822,2.48,11
1158,IT,21/07/2019,97146,2.5,2
1159,Operations,24/07/2020,96966,2.9,9
1160,HR,19/04/2023,64922,2.78,6
1161,Marketing,25/08/2021,104364,4.98,1
1162,Marketing,21/07/2018,67913,3.18,13
1163,Finance,27/04/2018,80677,1.35,0
1164,Operations,25/07/2020,74841,3.43,13
1165,Sales,29/07/2019,71332,1.61,5
1166,Finance,21/06/2019,117062,1.12,8
1167,Operations,14/06/2022,50032,4.88,14
1168,HR,24/10/2023,62846,4.09,2
1169,HR,21/01/2019,84474,4.92,5
1170,HR,20/04/2019,69936,2.91,2
1171,HR,22/02/2019,54794,3.13,13
1172,HR,27/07/2020,86588,1.67,12
1173,Operations,12/08/2020,95984,1.99,0
1174,Operations,25/05/2020,75331,4.35,13
1175,IT,02/02/2020,119397,2.42,12
1176,Marketing,17/04/2021,53141,4.31,11
1177,HR,20/04/2021,34074,3.84,4
1178,Sales,26/10/2019,31406,1.71,9
1179,Operations,25/01/2018,48291,3.03,13
1180,Sales,14/06/2023,66568,3.71,12
1181,Sales,18/04/2021,71851,1.94,10
1182,Sales,11/12/2019,79823,4.32,3
1183,IT,23/02/2023,48312,3.18,6
1184,Operations,30/03/2021,68108,1.66,5
1185,Sales,12/10/2018,91918,3.33,9
1186,HR,04/03/2018,59171,5,6
1187,Finance,29/09/2020,66779,1.6,4
1188,Sales,24/10/2019,93828,4.27,14
1189,IT,01/02/2022,37411,1.83,14
1190,Operations,24/08/2020,82009,4.13,3
1191,IT,28/04/2020,40422,3.94,6
1192,Sales,12/01/2021,67468,2.2,6
1193,Operations,20/11/2019,57371,2.3,5
1194,Finance,28/05/2018,82022,4.17,7
1195,Sales,08/12/2018,96229,2.85,3
1196,IT,22/12/2020,76196,3.92,9
1197,Marketing,21/09/2022,105354,1.59,4
1198,HR,15/10/2021,51715,4.41,3
1199,IT,23/11/2018,52605,3.84,11
1200,Operations,28/11/2022,56174,4.63,0
1201,Sales,26/10/2022,34956,1.53,11
1202,HR,16/09/2020,101373,3.37,7
1203,Sales,09/08/2020,94252,3.4,0
1204,Operations,24/12/2019,86949,2.41,4
1205,Sales,11/09/2023,87646,2.83,14
1206,Marketing,05/03/2019,95017,1.15,5
1207,HR,09/02/2022,88037,3.98,5
1208,HR,13/10/2018,114818,3.2,12
1209,Operations,28/08/2023,31548,1.23,4
1210,Marketing,08/02/2020,98294,3.72,2
1211,IT,26/10/2021,48177,2.87,14
1212,Sales,13/07/2018,49022,1.14,4
1213,Finance,14/09/2020,30542,4.88,11
1214,Sales,10/02/2021,116012,4.8,7
1215,Sales,02/12/2023,85428,3.05,13
1216,IT,29/08/2022,47740,1.37,1
1217,Sales,04/08/2020,84353,4.02,5
1218,Marketing,10/04/2020,115353,2.97,8
1219,Marketing,05/04/2023,81532,2.21,7
1220,HR,24/02/2018,41052,2.97,13
1221,Operations,10/03/2020,72076,3.09,10
1222,Finance,17/02/2020,78420,3.25,7
1223,Sales,21/01/2022,25671,2.76,7
1224,Sales,17/03/2023,25163,3.42,14
1225,IT,05/11/2023,66424,4.67,12
1226,Operations,24/02/2018,78744,2.45,6
1227,Marketing,29/12/2022,95331,3.9,7
1228,Finance,16/04/2021,35634,4.58,12
1229,HR,12/04/2020,29798,2.82,5
1230,Marketing,09/11/2018,47420,2.77,1
1231,Operations,02/02/2023,54300,3.41,1
1232,HR,01/07/2023,114881,3.37,7
1233,IT,30/06/2023,35749,4.23,10
1234,IT,26/11/2022,50121,2.91,0
1235,Sales,24/11/2018,62487,4.98,5
1236,Operations,11/07/2021,118947,1.24,12
1237,Finance,14/11/2023,58361,1.01,5
1238,HR,16/01/2021,46223,3.56,10
1239,Marketing,04/08/2021,97930,2.19,3
1240,Operations,28/03/2019,39056,1.96,11
1241,Operations,04/03/2022,53380,2.25,10
1242,IT,14/06/2018,51035,2.02,12
1243,Sales,01/07/2018,55620,1.12,14
1244,Sales,28/06/2020,44877,4.89,10
1245,HR,02/04/2020,80316,1.88,12
1246,IT,01/08/2020,89041,3.94,9
1247,Operations,25/06/2023,78352,4.05,2
1248,Finance,17/08/2023,55911,4.72,12
1249,IT,26/11/2018,57784,1.12,10
1250,HR,14/02/2020,28191,4.49,2
1251,HR,27/05/2018,58160,3.11,14
1252,IT,03/07/2020,115536,3.53,14
1253,HR,21/04/2022,89641,3.58,12
1254,IT,01/08/2021,74723,4.28,12
1255,Marketing,23/03/2018,28631,2.33,0
1256,IT,29/05/2019,31172,3.93,2
1257,IT,05/04/2023,67080,3.11,3
1258,HR,24/04/2023,114097,4.17,10
1259,HR,16/01/2020,115353,4.96,10
1260,Sales,10/11/2021,45281,1.8,4
1261,Sales,08/12/2019,53671,4.98,2
1262,Marketing,16/04/2019,76431,1.36,5
1263,Sales,31/01/2019,115900,1.01,10
1264,IT,05/04/2022,117961,1.18,13
1265,HR,15/03/2020,53602,2.37,14
1266,Sales,22/07/2020,113789,3.53,11
1267,Sales,03/07/2021,76399,1.28,4
1268,Marketing,24/10/2022,48472,1.02,2
1269,Operations,23/06/2020,74230,4.75,5
1270,Marketing,12/12/2020,98616,4.29,5
1271,IT,06/03/2023,32099,4.24,14
1272,HR,04/03/2022,50431,4.54,13
1273,Marketing,19/10/2021,81492,3.8,7
1274,Sales,27/07/2021,72684,1.42,1
1275,HR,16/08/2019,55111,2.6,0
1276,HR,08/10/2023,88936,3.89,3
1277,Sales,08/05/2018,47614,2.12,6
1278,Marketing,06/01/2020,117260,3.75,14
1279,Sales,05/06/2019,66991,1.1,10
1280,Operations,25/08/2018,95476,2.22,9
1281,HR,28/07/2021,85920,3.2,2
1282,Finance,17/11/2022,119294,3.53,2
1283,Finance,25/07/2021,88530,3.31,4
1284,IT,14/08/2023,61224,3.79,4
1285,Sales,18/03/2019,32788,1.02,12
1286,Sales,08/09/2023,53082,1.4,9
1287,IT,15/03/2020,114570,4.48,2
1288,IT,16/03/2018,101816,3.73,8
1289,IT,16/12/2023,108588,1.45,3
1290,HR,21/09/2023,41531,4.37,12
1291,Operations,11/10/2021,113340,1.97,12
1292,Sales,10/02/2018,119439,2.91,14
1293,HR,13/09/2023,69857,1.58,2
1294,IT,28/08/2022,35142,3.84,10
1295,Sales,02/11/2021,73355,3.67,1
1296,HR,11/08/2019,34866,1.84,9
1297,Operations,11/06/2022,95067,4.45,12
1298,HR,08/12/2018,89027,2.61,10
1299,Operations,06/09/2023,82906,2.17,8
1300,IT,08/10/2019,53138,1.61,3
1301,Operations,01/01/2020,117601,2.06,2
1302,Sales,17/06/2018,54956,1.09,6
1303,IT,02/09/2019,101295,3.33,7
1304,Sales,08/11/2022,30439,4.37,10
1305,Finance,03/08/2023,72241,3.2,13
1306,Marketing,31/03/2019,67533,1.88,1
1307,Operations,05/09/2022,53270,1.13,6
1308,Marketing,03/12/2019,103815,1.86,11
1309,Marketing,19/05/2022,64279,2.66,4
1310,Operations,10/05/2018,48888,4.04,14
1311,IT,20/01/2023,42630,1.75,10
1312,Finance,18/10/2021,86063,3.88,4
1313,Sales,24/11/2019,60144,4.47,2
1314,HR,26/10/2021,77161,2.82,4
1315,Sales,04/03/2020,116074,4.29,11
1316,HR,29/01/2018,102360,3.22,1
1317,Sales,29/05/2018,75979,3.55,3
1318,Operations,12/08/2021,31979,3.11,5
1319,Finance,21/08/2023,51189,2.85,0
1320,HR,10/02/2021,67600,1.94,9
1321,IT,06/07/2018,84560,2.21,3
1322,Sales,04/06/2021,103040,2.16,5
1323,Sales,26/08/2021,86558,3.25,8
1324,HR,08/04/2018,111205,1.48,13
1325,IT,24/02/2018,31910,4.67,10
1326,IT,28/01/2020,82713,3.88,10
1327,Operations,10/02/2019,71857,2.61,12
1328,Operations,18/10/2023,59964,1.63,1
1329,Operations,05/08/2021,110667,4.53,10
1330,Operations,21/11/2022,50227,4.3,6
1331,Operations,21/01/2020,30978,3.89,5
1332,Operations,29/10/2022,112527,2.09,1
1333,Finance,31/12/2018,42153,2.61,7
1334,IT,20/07/2023,84765,1.41,6
1335,Operations,27/04/2019,64071,1.76,10
1336,IT,03/06/2018,94519,4.13,4
1337,IT,05/03/2022,34503,3.86,11
1338,Marketing,22/10/2023,85703,3.37,4
1339,Finance,06/11/2020,89379,4.58,6
1340,Operations,23/07/2022,82866,3.33,8
1341,Sales,25/05/2021,41905,2.87,10
1342,HR,02/03/2018,70838,2.36,14
1343,Sales,27/07/2020,83279,4.76,8
1344,Finance,28/06/2022,114489,1.33,8
1345,HR,21/09/2023,51806,4.72,5
1346,Finance,25/01/2018,70000,4.31,9
1347,IT,28/11/2020,47168,1.52,5
1348,HR,11/05/2018,95119,3.26,2
1349,IT,06/06/2021,63714,4.47,0
1350,Sales,18/04/2018,79093,3.29,6
1351,Sales,21/06/2018,80419,4.63,3
1352,HR,29/12/2021,74145,4.77,0
1353,HR,12/04/2018,102425,2.69,14
1354,Operations,25/06/2022,117949,2.51,7
1355,Finance,06/11/2020,102811,4.75,11
1356,Operations,26/11/2018,27461,3.7,5
1357,Finance,01/03/2022,39291,1.46,5
1358,Operations,12/01/2018,71804,1.17,1
1359,IT,03/09/2021,101971,3.26,14
1360,HR,04/08/2018,118471,4.72,0
1361,Sales,05/12/2018,89946,4.38,12
1362,Finance,05/12/2022,109080,3.7,13
1363,Finance,17/10/2022,86332,1.56,13
1364,Sales,17/02/2022,102794,2.02,1
1365,Operations,11/12/2019,55841,4.5,3
1366,Finance,08/05/2021,73758,1.73,1
1367,IT,17/01/2021,101272,2.11,0
1368,HR,15/07/2021,62643,1.52,6
1369,Sales,04/05/2019,75408,3.7,10
1370,HR,11/04/2022,68950,4.78,10
1371,Finance,16/02/2018,81849,2.08,14
1372,Finance,17/02/2020,53044,2.9,11
1373,Sales,05/11/2020,40997,3.54,7
1374,IT,12/12/2019,104751,5,5
1375,Marketing,05/02/2019,48911,1.42,3
1376,Sales,23/12/2022,80533,2.99,13
1377,Marketing,07/09/2018,107566,2.54,5
1378,Operations,26/01/2019,119870,4.46,2
1379,Marketing,01/12/2018,39571,2.9,11
1380,IT,21/09/2019,119463,1.44,7
1381,Operations,17/05/2018,82941,3.54,9
1382,Marketing,02/03/2022,83005,4.08,13
1383,Operations,06/04/2020,111250,1.01,12
1384,Marketing,28/12/2019,83712,4.44,12
1385,IT,09/02/2022,68541,1.74,1
1386,Marketing,16/09/2020,48387,3.21,4
1387,Marketing,23/07/2020,118980,2.66,0
1388,Marketing,06/02/2019,73908,3.88,5
1389,Sales,06/01/2022,110457,2.48,1
1390,Sales,07/09/2019,38057,4.48,3
1391,Sales,20/07/2021,89028,3.92,5
1392,IT,28/03/2021,80731,3.59,9
1393,Operations,26/01/2021,49858,4.18,10
1394,Finance,11/05/2018,73689,4.02,7
1395,Marketing,09/04/2021,69638,1.14,11
1396,Marketing,02/07/2018,116598,2.58,7
1397,IT,30/12/2018,71486,4.72,10
1398,Marketing,08/02/2018,45567,1.5,5
1399,Sales,04/10/2021,54739,3.95,3
1400,Finance,09/07/2020,82804,4.9,7
1401,HR,16/01/2018,28754,1.21,12
1402,Marketing,08/05/2019,52044,3.73,7
1403,Sales,20/12/2021,92260,2.87,9
1404,HR,05/02/2021,91912,3.32,13
1405,Finance,07/11/2018,33706,1.34,0
1406,HR,09/01/2020,33894,1.17,3
1407,Sales,30/06/2019,43037,3.67,3
1408,Operations,08/09/2018,108986,4.29,6
1409,Operations,29/01/2020,106942,4.13,13
1410,HR,10/12/2022,76612,3.18,13
1411,IT,21/07/2021,54725,1.4,10
1412,HR,20/06/2022,30926,3.75,6
1413,Marketing,30/03/2023,34496,1.97,12
1414,Marketing,24/03/2020,81447,4.64,10
1415,Operations,29/01/2018,54806,4.35,14
1416,IT,15/08/2020,113199,3.84,7
1417,Sales,26/07/2023,66321,4.8,10
1418,Marketing,22/04/2019,90095,1.13,4
1419,Operations,14/11/2018,47656,3.94,6
1420,Finance,02/09/2018,80147,2.32,7
1421,Operations,18/01/2020,116396,4.62,14
1422,Marketing,28/11/2019,74666,2.07,8
1423,Marketing,29/09/2018,107368,3.9,2
1424,Operations,07/11/2022,63787,4.51,2
1425,Sales,16/06/2021,87946,1.17,3
1426,HR,23/09/2018,46727,2.59,4
1427,Marketing,09/07/2020,93056,4.05,9
1428,Operations,06/12/2018,28081,2.82,0
1429,Operations,24/01/2019,59196,2.07,14
1430,IT,13/08/2023,61735,1.88,14
1431,HR,11/03/2021,105102,1.53,6
1432,Finance,11/01/2019,104578,4.43,8
1433,Sales,27/07/2023,50498,3.3,7
1434,Finance,26/05/2018,101865,1.31,14
1435,HR,05/06/2023,56656,2.53,14
1436,HR,20/10/2018,92695,2.47,4
1437,HR,08/03/2019,62900,1.73,13
1438,Finance,06/12/2019,109899,2.74,13
1439,HR,22/06/2023,72701,2.33,3
1440,Operations,03/02/2019,44033,2.37,11
1441,Finance,21/08/2020,35805,3.96,6
1442,HR,04/08/2023,60851,1.89,4
1443,Operations,03/01/2023,51832,3.57,6
1444,IT,10/10/2023,88437,3.28,11
1445,HR,27/07/2020,38944,3.27,0
1446,Finance,11/12/2019,44873,3.65,0
1447,Marketing,17/03/2020,65372,3.19,9
1448,HR,03/01/2022,114464,4.52,13
1449,Marketing,18/08/2021,40379,3.7,12
1450,Operations,11/01/2018,61751,3.19,2
1451,IT,21/12/2020,114822,4.32,13
1452,Sales,12/02/2023,30110,3.42,10
1453,IT,11/02/2020,79341,2.16,1
1454,HR,14/05/2022,37087,1.83,1
1455,Marketing,27/05/2022,48762,1.61,6
1456,Marketing,26/08/2021,107617,4.6,11
1457,Finance,03/06/2020,34596,3.84,9
1458,Marketing,21/10/2021,43313,4.75,1
1459,Finance,14/08/2018,91549,3.41,10
1460,Operations,04/04/2020,48705,2.89,3
1461,Sales,25/07/2020,92364,1.24,1
1462,HR,27/03/2023,98445,3.69,5
1463,Finance,02/12/2022,103645,3.33,7
1464,Sales,23/02/2018,27023,4.96,9
1465,Marketing,28/12/2019,84796,1.96,3
1466,Marketing,25/03/2022,105073,3.12,14
1467,Sales,09/11/2020,117197,3.6,4
1468,Marketing,29/03/2023,89429,3.58,3
1469,Operations,12/11/2022,86627,3.25,2
1470,Operations,16/05/2022,58848,4.11,4
1471,Sales,30/03/2023,62804,1.82,13
1472,Finance,29/04/2020,40379,3.9,8
1473,Finance,11/10/2023,84664,3.48,7
1474,Sales,03/01/2018,52766,4.58,7
1475,Finance,09/06/2018,93099,4.39,7
1476,Finance,20/02/2020,61060,2.26,11
1477,Operations,11/06/2020,119733,2.1,7
1478,Finance,24/07/2023,94122,4.93,6
1479,IT,03/08/2019,41087,3.11,7
1480,HR,18/04/2023,73868,4.63,10
1481,Marketing,12/10/2021,48225,1.66,13
1482,IT,14/07/2021,31643,3.57,7
1483,Finance,29/06/2022,118059,4.24,12
1484,Operations,09/08/2020,61727,4.79,13
1485,Sales,14/09/2020,36005,2.35,7
1486,Finance,03/05/2021,90697,3.9,11
1487,Operations,09/07/2020,41029,3.16,9
1488,HR,17/09/2021,39226,1.24,6
1489,Finance,19/06/2018,88646,3.76,11
1490,Sales,05/06/2019,85603,3.76,0
1491,Operations,26/01/2022,53731,4.72,3
1492,Operations,09/02/2018,93926,2.99,12
1493,Operations,10/04/2022,30997,1.92,12
1494,HR,19/11/2021,80506,1.18,3
1495,Finance,12/08/2020,103229,2.66,4
1496,HR,10/09/2020,74815,2.21,9
1497,Marketing,01/09/2020,67092,4.04,5
1498,Marketing,07/02/2018,87539,2.42,3
1499,Finance,28/06/2021,91077,4.8,14
1500,HR,14/04/2021,46817,4.85,1
1501,Sales,14/06/2022,62861,3.48,5
1502,Operations,02/07/2020,38428,4.71,14
1503,Operations,30/03/2019,68934,4.04,7
1504,Finance,06/02/2018,35258,3.19,14
1505,Marketing,08/09/2022,82775,1.72,7
1506,Marketing,06/03/2020,106580,2.83,6
1507,Operations,30/08/2020,119947,3.24,5
1508,Finance,16/08/2019,30469,4.46,1
1509,HR,11/02/2021,53854,2.93,14
1510,Marketing,17/08/2021,31256,4.59,6
1511,HR,14/11/2018,101256,3.7,10
1512,Marketing,03/12/2023,58937,1.55,11
1513,Marketing,08/09/2021,26651,4.98,13
1514,IT,11/05/2022,75288,3.11,13
1515,Marketing,05/03/2023,109730,2.57,4
1516,Sales,19/09/2023,50051,3.64,5
1517,Finance,20/06/2023,52386,1.44,9
1518,Finance,08/11/2022,100054,3.55,7
1519,HR,05/08/2021,41184,2.99,13
1520,Marketing,09/07/2021,58787,2.63,7
1521,Sales,04/08/2018,46621,4.81,2
1522,HR,10/11/2023,100564,3.09,11
1523,IT,01/09/2022,102984,1.88,11
1524,HR,29/12/2018,84792,2.84,13
1525,HR,13/09/2022,70253,4.68,6
1526,Marketing,08/04/2021,59051,1.7,0
1527,IT,22/12/2018,74811,1.86,0
1528,HR,10/07/2018,55447,1.05,6
1529,Sales,01/12/2019,108930,1.06,14
1530,Sales,17/08/2023,55254,4.32,14
1531,Finance,21/12/2023,109045,3.93,9
1532,IT,11/07/2019,82418,2.42,8
1533,IT,05/04/2020,39472,3.79,6
1534,Finance,20/11/2020,28471,2.58,9
1535,HR,02/03/2019,33329,4.81,4
1536,IT,24/04/2022,59865,4.87,7
1537,Sales,31/10/2023,71850,2.57,1
1538,Sales,12/08/2019,79220,4.42,8
1539,Marketing,06/07/2023,118808,4.09,5
1540,IT,28/03/2022,31397,2.24,12
1541,HR,22/10/2018,60525,1.93,8
1542,Finance,09/06/2023,78072,2.83,1
1543,Finance,01/06/2021,115106,4.13,2
1544,HR,29/03/2022,108820,4.84,11
1545,Operations,18/08/2022,109530,4.05,7
1546,Marketing,10/02/2021,48284,4.42,0
1547,Finance,10/06/2021,86330,3.41,14
1548,IT,27/08/2023,108369,4.34,9
1549,Marketing,26/12/2018,50122,4.14,14
1550,IT,01/12/2019,95553,2.51,14
1551,Sales,24/03/2019,106906,3.21,14
1552,Marketing,06/11/2019,119788,4.22,6
1553,Finance,04/10/2020,87812,1.18,6
1554,Marketing,11/09/2021,32999,4.23,12
1555,Marketing,09/08/2019,47436,1.71,0
1556,Marketing,10/06/2021,67963,3.06,8
1557,Operations,01/06/2021,27096,4.23,7
1558,Marketing,20/09/2020,50279,2.02,3
1559,IT,06/12/2021,51201,1.98,9
1560,Sales,26/07/2019,44715,2.61,10
1561,HR,30/05/2021,54309,4.58,4
1562,Marketing,16/09/2023,40078,1,1
1563,Finance,15/09/2020,81614,4.61,12
1564,Marketing,05/10/2018,30105,1.62,8
1565,Finance,04/05/2021,119848,4.96,14
1566,IT,03/03/2023,27839,4.82,11
1567,Finance,29/04/2019,93920,2.98,11
1568,HR,19/06/2021,68619,3.05,5
1569,Sales,01/01/2020,67821,2.93,2
1570,Finance,06/11/2020,38493,3.54,11
1571,Finance,06/07/2020,42069,1.36,6
1572,Sales,04/06/2020,32531,1.13,8
1573,HR,22/01/2018,62051,1.23,2
1574,Marketing,19/04/2019,32736,2.78,1
1575,Finance,05/12/2019,32710,2.1,6
1576,Sales,18/11/2019,92155,3.49,6
1577,IT,12/10/2018,38975,4.97,3
1578,Sales,17/12/2019,87424,2.55,10
1579,IT,02/02/2020,70603,3.3,8
1580,HR,04/06/2021,48252,2.66,13
1581,Marketing,05/08/2020,105797,4.39,7
1582,Sales,27/10/2020,26431,4.61,12
1583,Operations,29/01/2018,99603,4.51,12
1584,Finance,25/06/2020,62481,4.9,0
1585,HR,28/10/2023,117573,1.11,0
1586,Sales,24/07/2019,34557,4.36,4
1587,Finance,30/06/2023,99971,4.01,5
1588,Sales,24/12/2021,25162,1.91,2
1589,IT,08/01/2020,59742,4.83,12
1590,Sales,31/05/2019,44675,1.59,8
1591,Operations,24/06/2023,98997,3.72,11
1592,Sales,08/02/2018,42015,1.9,9
1593,Sales,05/06/2020,75057,2.73,13
1594,Operations,03/01/2021,57591,3.88,14
1595,HR,29/12/2022,118583,3.25,5
1596,Sales,07/09/2022,34833,2.71,3
1597,Operations,31/08/2020,32896,2.31,11
1598,Finance,12/04/2022,57972,4.36,6
1599,IT,15/09/2020,74733,1.58,7
1600,IT,21/01/2018,66800,2.72,8
1601,Sales,18/05/2020,30347,4.62,12
1602,HR,25/03/2018,84063,4.38,10
1603,HR,10/08/2022,27643,2.6,5
1604,Finance,31/05/2023,65785,4.05,14
1605,Sales,11/11/2021,43681,4.29,5
1606,IT,11/03/2022,75026,4.56,7
1607,HR,24/07/2019,40892,3.18,11
1608,Sales,22/07/2020,72299,1.82,4
1609,HR,04/06/2023,42073,2.02,13
1610,Operations,30/01/2023,55682,2.18,2
1611,HR,03/03/2020,39289,3.38,11
1612,IT,02/03/2020,32927,1.13,2
1613,Marketing,15/12/2022,73330,3.54,12
1614,Finance,18/07/2021,91707,2.46,5
1615,Finance,27/05/2022,102454,2.18,1
1616,IT,19/12/2020,90428,4.52,5
1617,HR,11/09/2020,75601,2.84,12
1618,Sales,08/08/2022,102465,1.38,5
1619,HR,04/06/2019,27539,4.31,7
1620,IT,14/08/2019,47669,1.19,6
1621,Finance,16/11/2020,95968,3.91,7
1622,HR,06/09/2022,45644,4.1,13
1623,Finance,29/07/2023,43745,2.41,8
1624,Sales,15/12/2018,53228,4.3,5
1625,Finance,17/08/2020,59521,3.06,13
1626,Finance,18/05/2023,51928,2.85,2
1627,Marketing,24/11/2019,43322,1.18,9
1628,Marketing,09/04/2022,82714,2.16,2
1629,Operations,13/01/2019,112896,4.72,10
1630,Marketing,11/06/2019,87292,2.57,11
1631,Finance,13/06/2021,54055,3.19,0
1632,IT,19/02/2023,67891,3.13,10
1633,Finance,30/10/2022,106912,3.36,14
1634,IT,05/06/2019,31588,1.25,12
1635,IT,29/08/2022,115536,2.45,14
1636,Marketing,13/10/2020,31304,3.89,4
1637,HR,10/10/2020,32345,1.8,13
1638,Sales,27/04/2018,54300,1.81,3
1639,Marketing,29/09/2021,49259,1.04,8
1640,Marketing,07/08/2019,116006,2.75,14
1641,HR,30/01/2019,113553,4.53,8
1642,Sales,23/12/2020,40352,1.21,14
1643,Finance,13/03/2018,58365,1.76,13
1644,Operations,01/10/2018,44446,2.24,4
1645,Operations,07/07/2023,27336,3.93,9
1646,Finance,05/09/2021,87032,3.56,3
1647,Marketing,04/12/2018,100415,2.66,6
1648,Sales,21/10/2021,32521,4.04,14
1649,Marketing,30/08/2019,96707,3.44,5
1650,IT,15/06/2018,48481,4.58,3
1651,Marketing,17/04/2022,43474,4.27,12
1652,Marketing,21/08/2023,71760,2.01,12
1653,Finance,17/08/2021,80718,2.09,14
1654,Finance,30/12/2019,69629,1.5,9
1655,Finance,06/08/2023,70232,2.35,1
1656,Operations,12/04/2018,111544,5,0
1657,IT,16/11/2021,92169,2.62,3
1658,Finance,18/02/2020,75669,1.88,3
1659,Sales,02/08/2018,103021,4.05,12
1660,Operations,16/01/2021,94184,3.17,0
1661,HR,26/04/2022,72945,1.6,5
1662,Sales,23/08/2022,38140,2.52,3
1663,Sales,15/08/2019,108457,2.66,0
1664,Finance,26/08/2021,39357,4.02,0
1665,HR,14/01/2021,93673,1.08,14
1666,HR,10/11/2023,90633,2.08,12
1667,Operations,15/12/2019,101943,3.07,0
1668,HR,24/07/2020,103258,2.08,7
1669,IT,06/05/2023,37924,3.51,9
1670,Finance,30/08/2018,94286,2.93,7
1671,HR,06/08/2023,118269,2.45,1
1672,Operations,02/01/2018,99071,4.8,10
1673,IT,04/11/2022,82326,3.53,12
1674,Marketing,04/05/2023,115023,1.52,6
1675,Marketing,04/12/2023,55651,3.24,13
1676,IT,06/07/2020,95202,4.12,7
1677,Operations,31/03/2018,73777,3.83,7
1678,IT,06/09/2022,41994,1.69,10
1679,Finance,10/12/2023,92263,4.89,9
1680,Finance,23/05/2018,84634,2.8,14
1681,Marketing,16/04/2018,35800,1.64,10
1682,HR,05/06/2020,62823,1.72,12
1683,Operations,04/03/2019,88878,1.39,6
1684,Marketing,21/08/2021,43708,4.21,4
1685,HR,11/03/2023,37819,1.49,0
1686,HR,18/06/2023,99905,1.5,11
1687,Finance,13/11/2018,88870,4.4,8
1688,Sales,10/06/2023,34283,2.38,12
1689,Sales,27/09/2019,55573,1.12,6
1690,IT,10/04/2023,103707,1.21,1
1691,Finance,19/08/2023,55933,1.57,5
1692,HR,10/12/2021,30774,1.85,1
1693,Operations,07/07/2019,97055,3.66,14
1694,Sales,17/12/2019,35983,1.63,0
1695,HR,11/07/2021,43133,1.48,13
1696,Sales,10/09/2022,39939,4.06,6
1697,Sales,27/02/2023,25781,3.68,12
1698,Sales,12/01/2021,81700,2.74,1
1699,Operations,03/09/2021,52624,3.2,12
1700,Finance,21/04/2018,31823,2.25,13
1701,Operations,08/09/2018,43489,2.93,13
1702,Marketing,17/08/2023,64961,3.03,1
1703,HR,04/04/2019,54118,2.55,12
1704,Finance,12/01/2021,106816,4.63,10
1705,Finance,27/07/2018,47263,1.06,4
1706,Finance,18/06/2020,38565,4.13,13
1707,Finance,22/01/2018,45354,1.5,4
1708,Operations,14/02/2019,67951,4.19,6
1709,Finance,13/06/2020,116179,3.46,0
1710,IT,30/05/2019,48648,4.37,7
1711,HR,19/03/2020,75729,1.39,2
1712,Finance,23/05/2020,66971,3.24,3
1713,HR,14/01/2018,43658,3,14
1714,IT,28/08/2020,46253,3.82,8
1715,IT,05/11/2023,89166,3.14,3
1716,HR,10/04/2022,73563,3.16,9
1717,Sales,17/08/2021,51390,2.72,11
1718,Marketing,20/06/2021,113664,2.24,14
1719,Sales,10/12/2023,76578,2.93,4
1720,Sales,20/01/2020,104025,1.47,6
1721,Operations,16/11/2019,57658,4.85,3
1722,Sales,12/04/2023,31852,3.86,13
1723,Finance,26/11/2019,119986,4.81,0
1724,Operations,03/11/2018,27551,1.91,8
1725,Operations,13/06/2023,96947,4.52,3
1726,IT,24/10/2019,86001,4.24,8
1727,Sales,03/07/2019,74159,3.71,5
1728,IT,08/11/2018,76707,3.5,14
1729,HR,18/12/2020,58243,2.27,0
1730,Marketing,04/10/2022,46800,4.27,11
1731,Operations,25/01/2020,100939,3.01,2
1732,HR,04/02/2018,82828,1.28,10
1733,HR,21/03/2019,32239,2.25,1
1734,Finance,11/11/2023,31710,4.74,8
1735,Marketing,06/06/2023,46384,4.4,14
1736,HR,15/05/2021,46038,4.93,11
1737,HR,19/12/2018,65846,3.51,0
1738,Marketing,21/06/2020,112983,1.99,12
1739,Marketing,17/09/2021,92821,1.65,13
1740,HR,15/10/2022,62991,1.75,8
1741,Marketing,08/06/2018,104057,1.08,8
1742,HR,01/06/2023,31971,2.56,7
1743,HR,14/08/2020,54139,1.77,7
1744,Finance,03/09/2023,110445,2.65,10
1745,Sales,08/02/2019,102067,4.74,13
1746,HR,31/05/2019,105257,2.72,11
1747,IT,19/10/2021,109742,4.51,0
1748,Operations,13/08/2020,62711,3.42,10
1749,Sales,09/09/2022,31530,1.99,7
1750,Sales,31/08/2019,36116,2.42,9
1751,Sales,27/06/2021,90794,1.34,13
1752,Finance,16/03/2022,25282,2.33,2
1753,HR,12/12/2021,104473,3.71,10
1754,Finance,03/12/2022,26898,1.29,6
1755,HR,22/10/2018,29135,1.82,10
1756,Finance,25/01/2020,31629,2.53,14
1757,Finance,26/10/2021,110120,4.93,0
1758,Operations,05/07/2018,114087,4.14,0
1759,IT,23/06/2021,90031,3.93,9
1760,Finance,29/09/2019,58380,1.46,12
1761,Operations,15/07/2021,42071,4.12,4
1762,Marketing,14/06/2019,45074,4.14,4
1763,IT,31/08/2023,115724,3.4,7
1764,Finance,04/03/2020,92843,4.96,6
1765,Sales,18/11/2023,64901,2.3,7
1766,Marketing,23/04/2019,36205,4.77,5
1767,Marketing,11/06/2022,80661,4.66,5
1768,Operations,28/07/2020,30906,1.05,1
1769,Marketing,10/06/2019,27591,2.8,5
1770,IT,02/01/2018,87987,4.91,4
1771,Finance,10/01/2019,88370,1.41,12
1772,Finance,07/07/2019,105685,3.19,2
1773,Sales,06/03/2022,79400,4.92,5
1774,Operations,26/01/2023,50150,3.22,7
1775,Sales,16/01/2019,56852,1.76,8
1776,Marketing,05/07/2022,67870,3.33,0
1777,Sales,14/01/2018,77756,1.82,2
1778,IT,19/05/2019,81481,3.08,2
1779,Finance,02/07/2023,26283,1.3,10
1780,Marketing,10/05/2018,58691,3.42,7
1781,Sales,17/04/2020,26125,3.07,0
1782,Operations,03/08/2023,92065,3.96,4
1783,IT,28/01/2018,51170,3.52,2
1784,IT,15/10/2023,33438,3.2,1
1785,Sales,06/06/2021,45095,3.76,14
1786,Finance,18/09/2018,41154,1.58,7
1787,Sales,09/08/2023,33004,3.38,2
1788,Marketing,12/01/2022,34752,1.69,6
1789,Sales,18/12/2021,80426,4.7,11
1790,IT,05/04/2019,51819,1.27,10
1791,Sales,28/10/2018,117051,2.72,0
1792,Finance,22/09/2019,49217,3.78,5
1793,Operations,27/09/2018,113708,2.83,2
1794,HR,17/06/2023,57994,1.37,7
1795,Sales,17/06/2022,40036,3.21,5
1796,Finance,07/12/2022,102275,3.57,11
1797,Finance,11/05/2020,74416,3.82,1
1798,Operations,04/07/2021,34587,2.49,5
1799,IT,21/12/2023,25645,3.25,6
1800,Finance,05/12/2022,55930,2.8,4
1801,Finance,03/09/2022,106835,3.69,2
1802,Finance,30/07/2019,55090,3.33,3
1803,Finance,27/06/2023,112489,3.1,3
1804,Marketing,31/07/2021,77142,2,5
1805,Marketing,11/05/2023,51475,1.01,9
1806,IT,14/07/2023,43888,1.7,0
1807,Sales,14/07/2022,68732,1.47,10
1808,Finance,29/04/2022,106623,2.8,3
1809,Operations,22/01/2023,71305,3.45,9
1810,Sales,22/10/2021,71037,1.85,12
1811,Operations,09/10/2022,34346,4.76,3
1812,Sales,10/04/2023,25587,1.03,9
1813,IT,12/09/2019,37763,4.09,0
1814,Finance,28/06/2021,84165,3.5,8
1815,Finance,14/08/2020,94615,2.49,3
1816,HR,24/04/2023,61116,1.2,6
1817,Operations,26/08/2020,110751,3.51,11
1818,Sales,09/08/2021,116353,2.54,13
1819,Sales,09/11/2020,115301,4.75,2
1820,Marketing,09/10/2018,50556,3.17,9
1821,HR,07/12/2023,84042,4.76,11
1822,Marketing,24/11/2020,43099,1.88,2
1823,Marketing,17/07/2018,70096,3.9,13
1824,Marketing,18/12/2020,96986,3.47,7
1825,Operations,30/03/2021,38230,3.96,7
1826,Operations,05/10/2020,54009,1.86,10
1827,IT,14/05/2021,95969,3.66,11
1828,IT,01/11/2020,58866,2.99,0
1829,Marketing,05/05/2019,109246,3.97,9
1830,HR,03/10/2018,101975,2.31,1
1831,Sales,24/05/2021,66855,4.56,7
1832,Operations,28/06/2021,106557,1.34,0
1833,HR,06/05/2018,31416,4.23,14
1834,Finance,05/08/2018,97516,4.45,11
1835,Operations,23/04/2021,80915,4.27,7
1836,Operations,31/05/2021,43058,3.05,7
1837,IT,07/07/2020,101637,2.75,1
1838,Sales,10/08/2021,65718,4.99,3
1839,Sales,20/07/2022,57602,1.92,5
1840,Finance,04/11/2018,99658,3.19,11
1841,Finance,21/09/2021,103112,3.68,10
1842,Operations,24/05/2023,83067,3.8,8
1843,Marketing,10/06/2020,52516,1.82,14
1844,IT,10/01/2019,112969,3.62,7
1845,IT,27/07/2023,26089,4.27,11
1846,Operations,26/09/2021,62346,1.2,14
1847,HR,09/05/2018,99663,4.65,7
1848,Marketing,11/10/2020,35487,1.12,6
1849,Operations,05/12/2022,25155,2.42,13
1850,Marketing,13/10/2021,92494,1.06,12
1851,Marketing,01/06/2019,101229,1.31,8
1852,Marketing,27/02/2022,63547,4.64,14
1853,Operations,27/03/2018,53795,2.42,1
1854,IT,13/04/2021,80296,2.7,2
1855,IT,16/02/2021,46447,1.86,9
1856,Marketing,17/06/2023,61598,3.39,7
1857,HR,02/12/2023,66814,3.38,13
1858,Sales,30/10/2018,115751,2.49,5
1859,Operations,11/08/2019,100330,2.33,9
1860,Sales,13/09/2020,112960,4.54,8
1861,HR,07/02/2023,88278,2.53,9
1862,Operations,11/12/2018,80077,2.97,3
1863,Marketing,24/03/2020,96906,2.13,7
1864,IT,11/06/2023,34528,4.15,9
1865,Sales,03/08/2021,118812,2.59,2
1866,Finance,23/06/2023,75100,3.05,2
1867,Finance,05/08/2022,33179,2.01,7
1868,HR,20/08/2021,73781,4.95,4
1869,Marketing,28/12/2020,80267,2.17,2
1870,Sales,06/10/2020,107379,4.08,9
1871,Marketing,05/12/2019,48952,2.71,10
1872,Sales,29/07/2019,78798,1.82,0
1873,HR,28/05/2022,75939,4.2,14
1874,HR,17/01/2021,54516,2.33,2
1875,Finance,19/11/2019,81526,4.46,11
1876,Marketing,04/05/2019,35449,4.66,8
1877,Operations,09/09/2021,75290,4.44,4
1878,Finance,09/05/2019,111661,1.14,11
1879,Marketing,26/07/2022,97954,4.15,9
1880,Finance,26/06/2022,47746,2.65,14
1881,Operations,19/01/2018,92990,4.49,1
1882,IT,27/09/2020,83810,3.55,6
1883,IT,30/04/2020,108297,4.33,14
1884,IT,20/10/2021,40223,3,1
1885,IT,16/09/2021,97237,3.14,3
1886,Sales,29/09/2021,27597,1.58,11
1887,IT,01/04/2020,90677,4.14,6
1888,Operations,31/03/2019,27659,2.68,3
1889,HR,13/06/2022,111516,3,6
1890,HR,12/12/2019,99567,4.14,6
1891,Sales,31/12/2023,40037,3.4,0
1892,IT,05/07/2020,71738,1.8,5
1893,IT,05/02/2022,96678,3.36,8
1894,IT,11/12/2021,37109,2.63,1
1895,Finance,01/11/2018,47010,2.88,13
1896,Marketing,06/01/2020,33787,1.11,2
1897,Finance,18/05/2023,33472,1.84,9
1898,Marketing,20/11/2023,48383,2.12,4
1899,IT,03/07/2023,86709,3.85,8
1900,IT,19/08/2020,94785,1.05,3
1901,Finance,23/10/2020,59518,2.64,0
1902,Finance,03/11/2023,78909,4.7,3
1903,Marketing,13/01/2022,43351,1.45,5
1904,HR,02/05/2023,94624,3.07,4
1905,Marketing,23/03/2021,78330,4.15,13
1906,Finance,27/10/2019,40282,4.77,12
1907,Operations,12/01/2018,109866,3.99,0
1908,Finance,02/03/2021,46778,3.88,3
1909,Operations,31/10/2018,49264,4.31,5
1910,Sales,30/10/2022,84675,2.78,12
1911,Finance,12/02/2018,30075,4.22,14
1912,Sales,01/08/2020,100948,1.03,9
1913,HR,11/09/2021,73454,4.7,9
1914,Marketing,09/06/2020,53365,2.77,13
1915,Operations,01/10/2020,97766,3.21,3
1916,Marketing,21/01/2018,73200,2.02,14
1917,Sales,11/02/2019,36002,3.97,13
1918,Operations,11/10/2020,38947,1.31,8
1919,Marketing,02/12/2018,104222,4.49,4
1920,Finance,13/01/2023,119840,4.31,7
1921,IT,21/02/2021,103610,1.86,8
1922,Sales,02/01/2023,77142,4.24,9
1923,Marketing,16/12/2019,81307,4.15,4
1924,Sales,20/02/2018,29493,3.53,5
1925,Sales,20/11/2018,75085,2.49,0
1926,Operations,28/02/2020,59228,2.09,10
1927,Operations,21/05/2018,104676,1.93,11
1928,IT,15/04/2019,76875,2.27,14
1929,Finance,26/02/2020,56655,4.61,6
1930,Sales,31/12/2022,68472,1.31,3
1931,Marketing,19/09/2021,74437,4.32,10
1932,HR,01/04/2023,74416,2.4,1
1933,Sales,21/08/2020,84711,3.09,4
1934,Sales,08/01/2019,31816,4.18,11
1935,IT,20/08/2022,102175,4.54,2
1936,Finance,25/03/2021,89307,2.38,5
1937,HR,30/07/2022,71733,2.85,7
1938,Operations,16/04/2018,36240,2.66,6
1939,Operations,14/12/2021,117493,1.05,2
1940,Marketing,09/08/2022,96363,2.18,7
1941,HR,02/01/2018,57762,2.84,1
1942,Operations,08/11/2023,33259,2.64,9
1943,Marketing,16/12/2018,75139,3.89,8
1944,Finance,10/07/2021,39849,2.54,3
1945,Marketing,28/11/2020,106768,2.96,0
1946,Operations,21/03/2019,114709,2.72,7
1947,IT,09/08/2020,79869,3.96,6
1948,IT,05/02/2018,88095,4.45,10
1949,IT,12/01/2021,95910,3.13,12
1950,Operations,15/01/2022,111710,4.16,4
1951,IT,04/12/2022,48567,2.19,9
1952,HR,20/01/2023,60292,3.17,12
1953,Finance,09/11/2021,99813,2.38,4
1954,Marketing,10/04/2021,76631,2.66,6
1955,Marketing,31/10/2021,34885,3.93,4
1956,Operations,05/09/2022,84659,4.53,7
1957,IT,17/10/2021,79306,1.49,10
1958,IT,29/12/2023,91314,3.54,12
1959,Sales,24/07/2021,90087,3.33,5
1960,Finance,28/05/2021,54165,1.47,12
1961,HR,05/06/2019,83929,1.85,4
1962,Marketing,12/12/2022,92028,2.24,8
1963,Sales,10/01/2018,74812,1.67,10
1964,Sales,10/09/2020,75500,1.97,1
1965,Operations,15/07/2022,104151,2.07,0
1966,Marketing,19/07/2022,83643,2.34,7
1967,Operations,21/12/2019,69900,4,11
1968,HR,08/12/2020,67946,3.29,2
1969,Sales,08/05/2020,32851,4.94,13
1970,Sales,09/08/2021,41288,2.66,10
1971,Finance,23/05/2022,97692,4.02,11
1972,HR,19/02/2018,92580,4.49,11
1973,Sales,26/05/2018,32368,3.72,11
1974,HR,03/07/2020,110436,2.65,6
1975,Marketing,02/01/2022,71403,4.01,9
1976,IT,04/08/2019,116170,1.81,12
1977,Sales,04/05/2022,34168,2.31,10
1978,Finance,28/04/2019,111497,3.19,7
1979,Marketing,03/06/2021,74879,3.3,14
1980,HR,04/11/2019,84871,1.09,12
1981,Operations,23/09/2019,114388,4.78,12
1982,Marketing,24/10/2019,57174,3.79,5
1983,Sales,14/09/2020,117491,2.98,11
1984,HR,27/03/2022,31581,4.73,9
1985,IT,12/10/2019,96853,2.76,13
1986,Marketing,26/08/2020,89046,4.92,8
1987,Sales,05/01/2021,74678,3.05,6
1988,Finance,17/03/2019,51649,1.46,14
1989,Operations,09/07/2020,113668,4.06,9
1990,HR,09/02/2020,107325,3.72,4
1991,Marketing,05/09/2021,39567,4.09,7
1992,Marketing,01/01/2023,105404,4.81,14
1993,IT,20/09/2018,114906,4.11,1
1994,IT,27/04/2022,86944,3.45,6
1995,Finance,25/09/2020,103002,4.43,14
1996,Operations,01/12/2019,53803,3.69,3
1997,Finance,23/05/2022,43230,2.63,8
1998,Sales,26/05/2021,42862,4.54,11
1999,Sales,30/01/2021,68355,1.89,0
2000,Finance,05/04/2021,56259,3.86,6
